{"cameraMode":{"drawMode":0,"name":"Shaded","section":"Shading Mode"},"sceneLighting":true,"audioPlay":false,"sceneViewState":{"m_AlwaysRefresh":false,"showFog":true,"showSkybox":true,"showFlares":true,"showImageEffects":true,"showParticleSystems":true,"showVisualEffectGraphs":true,"m_FxEnabled":true},"in2DMode":false,"pivot":{"x":-12.921405792236329,"y":25.390636444091798,"z":43.71845245361328},"rotation":{"x":-0.15110960602760316,"y":-0.19668978452682496,"z":0.030695104971528055,"w":-0.9682814478874207},"size":35.26988220214844,"orthographic":false}