{"cameraMode":{"drawMode":0,"name":"Shaded","section":"Shading Mode"},"sceneLighting":true,"audioPlay":false,"sceneViewState":{"m_AlwaysRefresh":false,"showFog":true,"showSkybox":true,"showFlares":true,"showImageEffects":true,"showParticleSystems":true,"showVisualEffectGraphs":true,"m_FxEnabled":true},"in2DMode":false,"pivot":{"x":-0.47717130184173586,"y":1.1108183860778809,"z":-1.9241071939468384},"rotation":{"x":0.12181759625673294,"y":0.49366655945777895,"z":-0.07007202506065369,"w":0.8582212924957275},"size":1.7660253047943116,"orthographic":false}