{"cameraMode":{"drawMode":0,"name":"Shaded","section":"Shading Mode"},"sceneLighting":false,"audioPlay":false,"sceneViewState":{"m_AlwaysRefresh":false,"showFog":true,"showSkybox":false,"showFlares":true,"showImageEffects":true,"showParticleSystems":true,"showVisualEffectGraphs":true,"m_FxEnabled":true},"in2DMode":false,"pivot":{"x":0.10727167129516602,"y":0.9679229259490967,"z":1.2014787197113038},"rotation":{"x":-0.0954393744468689,"y":-0.4674111008644104,"z":0.05079542472958565,"w":-0.8775641918182373},"size":1.0088722705841065,"orthographic":false}